<?xml version="1.0" encoding="UTF-8" ?>
<pages>
    <link>
    <title>Lecture 1 Eclipse and HTML CSS review</title>
    <url>http://narnold.webdesign.wscc.edu/lecture1.htm#1</url>
    </link>
    <link>
    <title>Lecture 2 External JS .JS file Properties Error Checking HTML Forms</title>
    <url>http://narnold.webdesign.wscc.edu/lecture2.htm#1</url>
    </link>
    <link>
    <title>Lecture 3 Math Boolean Prompt getElementById</title>
    <url>http://narnold.webdesign.wscc.edu/lecture3.htm#1</url>
    </link>
    <link>
    <title>Lecture 4 JSON switch case while loop choose adventure</title>
    <url>http://narnold.webdesign.wscc.edu/lecture4.htm#1</url>
    </link>
    <link>
    <title>Lecture 5 Built-in Objects Browser Object Model</title>
    <url>http://narnold.webdesign.wscc.edu/lecture5.htm#1</url>
    </link>
    <link>
    <title>Lecture 6 jQuery jQuery UI mobile JavaScript</title>
    <url>http://narnold.webdesign.wscc.edu/lecture6.htm#1</url>
    </link>
</pages>
